{
    "tokens" : {
        "symbol" : {
            "assignment_operator" : {
                "=" : "EQUAL",
                "*=" : "T_MUL_EQUAL",
                "/=" : "T_DIV_EQUAL",
                "%=" : "T_MOD_EQUAL",
                "+=" : "T_PLUS_EQUAL",
                "-=" : "T_MINUS_EQUAL",
                "<<=" : "T_SL_EQUAL",
                ">>=" : "T_SR_EQUAL",
                "&=" : "T_AND_EQUAL",
                "^=" : "T_XOR_EQUAL",
                "|=" : "T_OR_EQUAL"
                },
            "unary-operator" : {
                "&" : "T_AND",
                "+" : "T_PLUS",
                "-" : "T_MINUS",
                "*" : "T_MUL",
                "/" : "T_DIV",
                "!" : "T_IS_NOT"
            },
            "binary-operator" : {
                "++" : "T_INC",
                "--" : "T_DEC"
            }, 
            "parenthesis-operator": {
                "[" : "T_LEFT_BRACKET",
                "]" : "T_RIGHT_BRACKET",
                "(" : "T_LEFT_PARENTHESIS",
                ")" : "T_RIGHT_PARANTHESIS",
                "{" : "T_LEFT_CURLY_BRACKET",
                "}" : "T_RIGHT_CURLY_BRACKET",
                ";" : "T_SEMICOLON"
            }
        },
        "keyword" : {
            "condition_operator" : {
                "if" : "T_IF", 
                "else" : "T_ELSE",
                "switch" : "T_SWITCH",
                "case": "T_CASE",
                "default": "T_DEFAULT" 
            },
            "selection-statement" : {
                "break" : "T_BREAK",
                "continue" : "T_CONTINUE",
                "goto" : "T_GOTO",
                "return" : "T_RETURN"  
            },
            "iteration-statement" : {
                "for" : "T_FOR",
                "while" : "T_WHILE",
                "do" : "T_DO"
            }
        }
    }
}